Timestamp,Datos
2025-07-29 11:38:05.949,6553.00,6537.00,160.00
2025-07-29 11:38:05.983,1638.00,1622.00,160.00
2025-07-29 11:38:06.016,1638.00,1622.00,70.00
2025-07-29 11:38:06.016,1638.00,1622.00,70.00
2025-07-29 11:38:06.049,0.00,-16.00,70.00
2025-07-29 11:38:06.082,1638.00,1622.00,70.00
2025-07-29 11:38:06.083,1638.00,1622.00,160.00
2025-07-29 11:38:06.563,6553.00,6537.00,160.00
2025-07-29 11:38:06.596,1638.00,1622.00,160.00
2025-07-29 11:38:06.629,1638.00,1622.00,70.00
2025-07-29 11:38:06.629,1638.00,1622.00,70.00
2025-07-29 11:38:06.662,1638.00,1622.00,160.00
2025-07-29 11:38:06.696,0.00,-16.00,160.00
2025-07-29 11:38:06.729,1638.00,1622.00,160.00
2025-07-29 11:38:06.729,512.00,496.00,70.00
2025-07-29 11:38:06.762,6528.00,6512.00,160.00
2025-07-29 11:38:06.795,22.00,6.00,70.00
2025-07-29 11:38:06.796,512.00,496.00,70.00
2025-07-29 11:38:06.829,1638.00,1622.00,160.00
2025-07-29 11:38:06.862,1638.00,1622.00,160.00
2025-07-29 11:38:06.863,1638.00,1622.00,160.00
2025-07-29 11:38:06.895,512.00,496.00,70.00
2025-07-29 11:38:06.929,1638.00,1622.00,160.00
2025-07-29 11:38:06.962,1638.00,1622.00,160.00
2025-07-29 11:38:06.962,0.00,-16.00,70.00
2025-07-29 11:38:06.995,1638.00,1622.00,160.00
2025-07-29 11:38:07.028,1638.00,1622.00,160.00
2025-07-29 11:38:07.029,1638.00,1622.00,160.00
2025-07-29 11:38:07.062,1638.00,1622.00,160.00
2025-07-29 11:38:07.095,512.00,496.00,70.00
2025-07-29 11:38:07.128,512.00,496.00,160.00
2025-07-29 11:38:07.129,6528.00,6512.00,160.00
2025-07-29 11:38:07.162,1638.00,1622.00,70.00
2025-07-29 11:38:07.195,1638.00,1622.00,160.00
2025-07-29 11:38:07.195,1638.00,1622.00,160.00
2025-07-29 11:38:07.228,1638.00,1622.00,160.00
2025-07-29 11:38:07.261,1638.00,1622.00,160.00
2025-07-29 11:38:07.295,512.00,496.00,70.00
2025-07-29 11:38:07.295,1638.00,1622.00,160.00
2025-07-29 11:38:07.328,1638.00,1622.00,160.00
2025-07-29 11:38:07.361,1638.00,1622.00,160.00
2025-07-29 11:38:07.394,512.00,496.00,70.00
2025-07-29 11:38:07.395,512.00,496.00,160.00
2025-07-29 11:38:07.428,1638.00,1622.00,160.00
2025-07-29 11:38:07.461,1638.00,1622.00,160.00
2025-07-29 11:38:07.462,1638.00,1622.00,160.00
2025-07-29 11:38:07.494,1638.00,1622.00,160.00
2025-07-29 11:38:07.528,1638.00,1622.00,160.00
2025-07-29 11:38:07.561,512.00,496.00,70.00
2025-07-29 11:38:07.561,512.00,496.00,160.00
2025-07-29 11:38:07.594,1638.00,1622.00,160.00
2025-07-29 11:38:07.628,1638.00,1622.00,160.00
2025-07-29 11:38:07.628,512.00,496.00,70.00
2025-07-29 11:38:07.661,6528.00,6512.00,160.00
2025-07-29 11:38:07.694,512.00,496.00,70.00
2025-07-29 11:38:07.727,512.00,496.00,160.00
2025-07-29 11:38:07.728,1638.00,1622.00,160.00
2025-07-29 11:38:07.761,512.00,496.00,70.00
2025-07-29 11:38:07.794,0.00,-16.00,70.00
2025-07-29 11:38:07.794,230.00,214.00,160.00
2025-07-29 11:38:07.827,512.00,496.00,160.00
2025-07-29 11:38:07.860,1638.00,1622.00,160.00
2025-07-29 11:38:07.861,1638.00,1622.00,160.00
2025-07-29 11:38:07.894,1638.00,1622.00,160.00
2025-07-29 11:38:07.927,1638.00,1622.00,160.00
2025-07-29 11:38:07.960,1638.00,1622.00,160.00
2025-07-29 11:38:07.961,1638.00,1622.00,160.00
2025-07-29 11:38:07.994,512.00,496.00,70.00
2025-07-29 11:38:08.027,512.00,496.00,160.00
2025-07-29 11:38:08.027,0.00,-16.00,70.00
2025-07-29 11:38:08.047,0.00,-16.00,108.60
2025-07-29 11:38:08.519,6553.00,6537.00,160.00
2025-07-29 11:38:09.034,6553.00,6537.00,160.00
2025-07-29 11:38:09.550,6553.00,6537.00,160.00
2025-07-29 11:38:10.072,6553.00,6537.00,160.00
2025-07-29 11:38:10.105,0.00,-16.00,160.00
2025-07-29 11:38:10.139,1331.00,1315.00,70.00
2025-07-29 11:38:10.139,0.00,-16.00,70.00
2025-07-29 11:38:10.172,1638.00,1622.00,160.00
2025-07-29 11:38:10.181,1638.00,1622.00,160.00
2025-07-29 11:38:10.668,6553.00,6537.00,160.00
2025-07-29 11:38:10.701,0.00,-16.00,160.00
2025-07-29 11:38:10.734,230.00,214.00,70.00
2025-07-29 11:38:10.735,0.00,-16.00,70.00
2025-07-29 11:38:10.750,1638.00,1622.00,160.00
2025-07-29 11:38:11.241,6553.00,6537.00,160.00
2025-07-29 11:38:11.756,6553.00,6537.00,160.00
2025-07-29 11:38:12.277,6553.00,6537.00,160.00
2025-07-29 11:38:12.310,0.00,-16.00,160.00
2025-07-29 11:38:12.310,0.00,-16.00,70.00
2025-07-29 11:38:12.331,0.00,-16.00,70.00
2025-07-29 11:38:12.833,6553.00,6537.00,160.00
2025-07-29 11:38:13.355,6553.00,6537.00,160.00
2025-07-29 11:38:13.388,1638.00,1622.00,160.00
2025-07-29 11:38:13.421,1638.00,1622.00,70.00
2025-07-29 11:38:13.422,0.00,-16.00,70.00
2025-07-29 11:38:13.455,6528.00,6512.00,160.00
2025-07-29 11:38:13.488,0.00,-16.00,160.00
2025-07-29 11:38:13.488,0.00,-16.00,70.00
2025-07-29 11:38:13.521,1639.00,1623.00,70.00
2025-07-29 11:38:13.554,1638.00,1622.00,160.00
2025-07-29 11:38:13.555,1638.00,1622.00,160.00
2025-07-29 11:38:13.588,512.00,496.00,70.00
2025-07-29 11:38:13.621,1638.00,1622.00,160.00
2025-07-29 11:38:13.654,512.00,496.00,70.00
2025-07-29 11:38:13.655,518.00,502.00,160.00
2025-07-29 11:38:13.688,1638.00,1622.00,160.00
2025-07-29 11:38:13.721,1638.00,1622.00,160.00
2025-07-29 11:38:13.721,512.00,496.00,70.00
2025-07-29 11:38:13.754,512.00,496.00,160.00
2025-07-29 11:38:13.787,0.00,-16.00,70.00
2025-07-29 11:38:13.788,1638.00,1622.00,70.00
2025-07-29 11:38:13.821,512.00,496.00,160.00
2025-07-29 11:38:13.854,4.00,-12.00,70.00
2025-07-29 11:38:13.854,1638.00,1622.00,160.00
2025-07-29 11:38:13.887,0.00,-16.00,70.00
2025-07-29 11:38:13.920,512.00,496.00,70.00
2025-07-29 11:38:13.921,1638.00,1622.00,160.00
2025-07-29 11:38:13.954,512.00,496.00,70.00
2025-07-29 11:38:13.987,1638.00,1622.00,160.00
2025-07-29 11:38:14.020,1638.00,1622.00,160.00
2025-07-29 11:38:14.021,1638.00,1622.00,160.00
2025-07-29 11:38:14.054,1638.00,1622.00,160.00
2025-07-29 11:38:14.087,0.00,-16.00,70.00
2025-07-29 11:38:14.087,1638.00,1622.00,70.00
2025-07-29 11:38:14.120,1638.00,1622.00,160.00
2025-07-29 11:38:14.153,0.00,-16.00,70.00
2025-07-29 11:38:14.154,1638.00,1622.00,70.00
2025-07-29 11:38:14.187,1638.00,1622.00,160.00
2025-07-29 11:38:14.220,0.00,-16.00,70.00
2025-07-29 11:38:14.253,1638.00,1622.00,160.00
2025-07-29 11:38:14.254,1638.00,1622.00,160.00
2025-07-29 11:38:14.287,1638.00,1622.00,160.00
2025-07-29 11:38:14.320,1638.00,1622.00,160.00
2025-07-29 11:38:14.353,1638.00,1622.00,160.00
2025-07-29 11:38:14.354,1638.00,1622.00,160.00
2025-07-29 11:38:14.386,1638.00,1622.00,160.00
2025-07-29 11:38:14.420,1638.00,1622.00,160.00
2025-07-29 11:38:14.420,512.00,496.00,70.00
2025-07-29 11:38:14.453,972.00,956.00,160.00
2025-07-29 11:38:14.486,0.00,-16.00,70.00
2025-07-29 11:38:14.487,0.00,-16.00,108.60
2025-07-29 11:38:14.520,1638.00,1622.00,160.00
2025-07-29 11:38:14.553,1638.00,1622.00,160.00
2025-07-29 11:38:14.553,0.00,-16.00,70.00
2025-07-29 11:38:14.586,1638.00,1622.00,160.00
2025-07-29 11:38:14.619,1638.00,1622.00,160.00
2025-07-29 11:38:14.653,1638.00,1622.00,160.00
2025-07-29 11:38:14.653,1638.00,1622.00,160.00
2025-07-29 11:38:14.686,1638.00,1622.00,160.00
2025-07-29 11:38:14.719,1638.00,1622.00,160.00
2025-07-29 11:38:14.752,1638.00,1622.00,160.00
2025-07-29 11:38:14.753,1638.00,1622.00,160.00
2025-07-29 11:38:14.786,1638.00,1622.00,160.00
2025-07-29 11:38:14.819,1638.00,1622.00,160.00
2025-07-29 11:38:14.852,1638.00,1622.00,160.00
2025-07-29 11:38:14.853,1638.00,1622.00,160.00
2025-07-29 11:38:14.886,1638.00,1622.00,160.00
2025-07-29 11:38:14.919,1638.00,1622.00,160.00
2025-07-29 11:38:14.952,1638.00,1622.00,160.00
2025-07-29 11:38:14.953,1638.00,1622.00,160.00
2025-07-29 11:38:14.986,0.00,-16.00,70.00
2025-07-29 11:38:15.019,1638.00,1622.00,160.00
2025-07-29 11:38:15.019,512.00,496.00,70.00
2025-07-29 11:38:15.052,1638.00,1622.00,160.00
2025-07-29 11:38:15.085,512.00,496.00,70.00
2025-07-29 11:38:15.086,0.00,-16.00,70.00
2025-07-29 11:38:15.119,0.00,-16.00,108.60
2025-07-29 11:38:15.152,1638.00,1622.00,160.00
2025-07-29 11:38:15.152,515.00,499.00,70.00
2025-07-29 11:38:15.185,1638.00,1622.00,160.00
2025-07-29 11:38:15.218,1638.00,1622.00,160.00
2025-07-29 11:38:15.252,1638.00,1622.00,160.00
2025-07-29 11:38:15.252,1638.00,1622.00,160.00
2025-07-29 11:38:15.285,1638.00,1622.00,160.00
2025-07-29 11:38:15.318,0.00,-16.00,70.00
2025-07-29 11:38:15.319,0.00,-16.00,70.00
2025-07-29 11:38:15.352,0.00,-16.00,108.60
2025-07-29 11:38:15.385,0.00,-16.00,108.60
2025-07-29 11:38:15.385,1638.00,1622.00,160.00
2025-07-29 11:38:15.418,4.00,-12.00,70.00
2025-07-29 11:38:15.451,1638.00,1622.00,160.00
2025-07-29 11:38:15.452,0.00,-16.00,70.00
2025-07-29 11:38:15.485,0.00,-16.00,108.60
2025-07-29 11:38:15.491,0.00,-16.00,108.60
2025-07-29 11:38:15.969,6553.00,6537.00,160.00
2025-07-29 11:38:16.002,0.00,-16.00,160.00
2025-07-29 11:38:16.003,0.00,-16.00,70.00
2025-07-29 11:38:16.036,0.00,-16.00,70.00
2025-07-29 11:38:16.069,0.00,-16.00,108.60
2025-07-29 11:38:16.069,1638.00,1622.00,108.60
2025-07-29 11:38:16.102,0.00,-16.00,108.60
2025-07-29 11:38:16.135,0.00,-16.00,108.60
2025-07-29 11:38:16.136,0.00,-16.00,108.60
2025-07-29 11:38:16.169,1638.00,1622.00,108.60
2025-07-29 11:38:16.202,1638.00,1622.00,160.00
2025-07-29 11:38:16.203,512.00,496.00,70.00
2025-07-29 11:38:16.235,0.00,-16.00,70.00
2025-07-29 11:38:16.269,512.00,496.00,160.00
2025-07-29 11:38:16.269,409.00,393.00,70.00
2025-07-29 11:38:16.302,1638.00,1622.00,160.00
2025-07-29 11:38:16.335,972.00,956.00,70.00
2025-07-29 11:38:16.336,512.00,496.00,70.00
2025-07-29 11:38:16.369,0.00,-16.00,70.00
2025-07-29 11:38:16.402,1638.00,1622.00,160.00
2025-07-29 11:38:16.402,512.00,496.00,70.00
2025-07-29 11:38:16.435,1638.00,1622.00,160.00
2025-07-29 11:38:16.468,1638.00,1622.00,160.00
2025-07-29 11:38:16.502,1638.00,1622.00,160.00
2025-07-29 11:38:16.502,972.00,956.00,70.00
2025-07-29 11:38:16.535,1638.00,1622.00,160.00
2025-07-29 11:38:16.568,512.00,496.00,70.00
2025-07-29 11:38:16.569,512.00,496.00,160.00
2025-07-29 11:38:16.602,1638.00,1622.00,160.00
2025-07-29 11:38:16.635,1638.00,1622.00,160.00
2025-07-29 11:38:16.668,972.00,956.00,70.00
2025-07-29 11:38:16.669,1638.00,1622.00,160.00
2025-07-29 11:38:16.701,1638.00,1622.00,160.00
2025-07-29 11:38:16.735,1638.00,1622.00,160.00
2025-07-29 11:38:16.768,512.00,496.00,70.00
2025-07-29 11:38:16.768,1638.00,1622.00,160.00
2025-07-29 11:38:16.801,1638.00,1622.00,160.00
2025-07-29 11:38:16.834,1638.00,1622.00,160.00
2025-07-29 11:38:16.835,972.00,956.00,70.00
2025-07-29 11:38:16.868,1638.00,1622.00,160.00
2025-07-29 11:38:16.901,512.00,496.00,70.00
2025-07-29 11:38:16.934,972.00,956.00,160.00
2025-07-29 11:38:16.935,1638.00,1622.00,160.00
2025-07-29 11:38:16.968,0.00,-16.00,70.00
2025-07-29 11:38:16.968,0.00,-16.00,108.60
2025-07-29 11:38:17.001,1638.00,1622.00,160.00
2025-07-29 11:38:17.034,1638.00,1622.00,160.00
2025-07-29 11:38:17.067,1638.00,1622.00,160.00
2025-07-29 11:38:17.068,1638.00,1622.00,160.00
2025-07-29 11:38:17.101,1638.00,1622.00,160.00
2025-07-29 11:38:17.134,1638.00,1622.00,160.00
2025-07-29 11:38:17.167,0.00,-16.00,70.00
2025-07-29 11:38:17.168,512.00,496.00,70.00
2025-07-29 11:38:17.201,1638.00,1622.00,160.00
2025-07-29 11:38:17.234,1638.00,1622.00,160.00
2025-07-29 11:38:17.234,1638.00,1622.00,160.00
2025-07-29 11:38:17.267,1638.00,1622.00,160.00
2025-07-29 11:38:17.300,1638.00,1622.00,160.00
2025-07-29 11:38:17.334,1638.00,1622.00,160.00
2025-07-29 11:38:17.334,0.00,-16.00,70.00
2025-07-29 11:38:17.367,0.00,-16.00,70.00
2025-07-29 11:38:17.400,512.00,496.00,160.00
2025-07-29 11:38:17.401,972.00,956.00,160.00
2025-07-29 11:38:17.434,1638.00,1622.00,160.00
2025-07-29 11:38:17.467,972.00,956.00,70.00
2025-07-29 11:38:17.467,1638.00,1622.00,160.00
2025-07-29 11:38:17.500,1638.00,1622.00,160.00
2025-07-29 11:38:17.533,972.00,956.00,70.00
2025-07-29 11:38:17.567,1638.00,1622.00,160.00
2025-07-29 11:38:17.567,512.00,496.00,70.00
2025-07-29 11:38:17.600,1638.00,1622.00,160.00
2025-07-29 11:38:17.633,1638.00,1622.00,160.00
2025-07-29 11:38:17.666,1638.00,1622.00,160.00
2025-07-29 11:38:17.667,1638.00,1622.00,160.00
2025-07-29 11:38:17.700,1638.00,1622.00,160.00
2025-07-29 11:38:17.733,972.00,956.00,70.00
2025-07-29 11:38:17.734,512.00,496.00,70.00
2025-07-29 11:38:17.766,972.00,956.00,160.00
2025-07-29 11:38:17.800,1638.00,1622.00,160.00
2025-07-29 11:38:17.800,0.00,-16.00,70.00
2025-07-29 11:38:17.833,1638.00,1622.00,160.00
2025-07-29 11:38:17.866,1638.00,1622.00,160.00
2025-07-29 11:38:17.899,1638.00,1622.00,160.00
2025-07-29 11:38:17.900,512.00,496.00,70.00
2025-07-29 11:38:17.933,972.00,956.00,160.00
2025-07-29 11:38:17.966,972.00,956.00,160.00
2025-07-29 11:38:17.966,512.00,496.00,70.00
2025-07-29 11:38:17.999,1638.00,1622.00,160.00
2025-07-29 11:38:18.032,0.00,-16.00,70.00
2025-07-29 11:38:18.033,512.00,496.00,160.00
2025-07-29 11:38:18.066,1638.00,1622.00,160.00
2025-07-29 11:38:18.077,230.00,214.00,70.00
2025-07-29 11:38:18.554,6553.00,6537.00,160.00
2025-07-29 11:38:18.587,0.00,-16.00,160.00
2025-07-29 11:38:18.613,1740.00,1724.00,70.00
2025-07-29 11:38:18.613,4.00,-12.00,70.00
2025-07-29 11:38:19.117,6553.00,6537.00,160.00
2025-07-29 11:38:19.132,0.00,-16.00,160.00
2025-07-29 11:38:19.647,6553.00,6537.00,160.00
2025-07-29 11:38:19.682,0.00,-16.00,160.00
2025-07-29 11:38:19.683,0.00,-16.00,70.00
2025-07-29 11:38:20.189,6553.00,6537.00,160.00
2025-07-29 11:38:20.709,6553.00,6537.00,160.00
2025-07-29 11:38:20.742,0.00,-16.00,160.00
2025-07-29 11:38:20.743,0.00,-16.00,70.00
2025-07-29 11:38:20.776,0.00,-16.00,70.00
2025-07-29 11:38:20.809,0.00,-16.00,108.60
2025-07-29 11:38:20.809,0.00,-16.00,108.60
2025-07-29 11:38:20.842,0.00,-16.00,108.60
2025-07-29 11:38:20.875,0.00,-16.00,108.60
2025-07-29 11:38:20.876,0.00,-16.00,108.60
2025-07-29 11:38:20.909,0.00,-16.00,108.60
2025-07-29 11:38:20.909,0.00,-16.00,108.60
2025-07-29 11:38:20.942,0.00,-16.00,108.60
2025-07-29 11:38:20.975,0.00,-16.00,108.60
2025-07-29 11:38:20.976,0.00,-16.00,108.60
2025-07-29 11:38:21.009,0.00,-16.00,108.60
2025-07-29 11:38:21.013,0.00,-16.00,108.60
2025-07-29 11:38:21.491,6553.00,6537.00,160.00
2025-07-29 11:38:21.524,0.00,-16.00,160.00
2025-07-29 11:38:21.524,0.00,-16.00,70.00
2025-07-29 11:38:21.557,0.00,-16.00,70.00
2025-07-29 11:38:21.590,0.00,-16.00,108.60
2025-07-29 11:38:21.591,0.00,-16.00,108.60
2025-07-29 11:38:21.624,0.00,-16.00,108.60
2025-07-29 11:38:21.657,0.00,-16.00,108.60
2025-07-29 11:38:21.657,0.00,-16.00,108.60
2025-07-29 11:38:21.690,0.00,-16.00,108.60
2025-07-29 11:38:21.691,0.00,-16.00,108.60
2025-07-29 11:38:21.724,0.00,-16.00,108.60
2025-07-29 11:38:21.757,0.00,-16.00,108.60
2025-07-29 11:38:21.757,0.00,-16.00,108.60
2025-07-29 11:38:21.790,0.00,-16.00,108.60
2025-07-29 11:38:21.823,0.00,-16.00,108.60
2025-07-29 11:38:21.824,0.00,-16.00,108.60
2025-07-29 11:38:21.857,0.00,-16.00,108.60
2025-07-29 11:38:21.857,0.00,-16.00,108.60
2025-07-29 11:38:21.890,0.00,-16.00,108.60
2025-07-29 11:38:21.923,0.00,-16.00,108.60
2025-07-29 11:38:21.924,0.00,-16.00,108.60
2025-07-29 11:38:21.957,0.00,-16.00,108.60
2025-07-29 11:38:21.990,0.00,-16.00,108.60
2025-07-29 11:38:21.990,0.00,-16.00,108.60
2025-07-29 11:38:22.023,0.00,-16.00,108.60
2025-07-29 11:38:22.024,0.00,-16.00,108.60
2025-07-29 11:38:22.056,0.00,-16.00,108.60
2025-07-29 11:38:22.090,0.00,-16.00,108.60
2025-07-29 11:38:22.090,0.00,-16.00,108.60
2025-07-29 11:38:22.123,0.00,-16.00,108.60
2025-07-29 11:38:22.156,0.00,-16.00,108.60
2025-07-29 11:38:22.157,0.00,-16.00,108.60
2025-07-29 11:38:22.189,0.00,-16.00,108.60
2025-07-29 11:38:22.190,0.00,-16.00,108.60
2025-07-29 11:38:22.211,0.00,-16.00,108.60
2025-07-29 11:38:22.688,6553.00,6537.00,160.00
2025-07-29 11:38:22.721,0.00,-16.00,160.00
2025-07-29 11:38:22.722,0.00,-16.00,70.00
2025-07-29 11:38:22.754,0.00,-16.00,70.00
2025-07-29 11:38:22.788,0.00,-16.00,108.60
2025-07-29 11:38:22.788,0.00,-16.00,108.60
2025-07-29 11:38:22.821,0.00,-16.00,108.60
2025-07-29 11:38:22.826,0.00,-16.00,108.60
2025-07-29 11:38:23.307,6553.00,6537.00,160.00
2025-07-29 11:38:23.828,6553.00,6537.00,160.00
2025-07-29 11:38:23.861,518.00,502.00,160.00
2025-07-29 11:38:23.864,0.00,-16.00,70.00
2025-07-29 11:38:24.374,6553.00,6537.00,160.00
2025-07-29 11:38:24.407,102.00,86.00,160.00
2025-07-29 11:38:24.408,0.00,-16.00,70.00
2025-07-29 11:38:24.922,6553.00,6537.00,160.00
2025-07-29 11:38:24.955,0.00,-16.00,160.00
2025-07-29 11:38:24.989,1638.00,1622.00,70.00
2025-07-29 11:38:24.989,1638.00,1622.00,70.00
2025-07-29 11:38:25.022,1638.00,1622.00,160.00
2025-07-29 11:38:25.055,0.00,-16.00,160.00
2025-07-29 11:38:25.056,1638.00,1622.00,160.00
2025-07-29 11:38:25.089,1638.00,1622.00,160.00
2025-07-29 11:38:25.122,972.00,956.00,70.00
2025-07-29 11:38:25.155,1638.00,1622.00,160.00
2025-07-29 11:38:25.156,1638.00,1622.00,160.00
2025-07-29 11:38:25.188,1638.00,1622.00,160.00
2025-07-29 11:38:25.222,1638.00,1622.00,160.00
2025-07-29 11:38:25.222,0.00,-16.00,70.00
2025-07-29 11:38:25.255,512.00,496.00,160.00
2025-07-29 11:38:25.288,1638.00,1622.00,160.00
2025-07-29 11:38:25.321,1638.00,1622.00,160.00
2025-07-29 11:38:25.322,1638.00,1622.00,160.00
2025-07-29 11:38:25.355,512.00,496.00,70.00
2025-07-29 11:38:25.388,0.00,-16.00,70.00
2025-07-29 11:38:25.389,1638.00,1622.00,160.00
2025-07-29 11:38:25.421,230.00,214.00,70.00
2025-07-29 11:38:25.455,1639.00,1623.00,160.00
2025-07-29 11:38:25.488,1638.00,1622.00,160.00
2025-07-29 11:38:25.488,1638.00,1622.00,160.00
2025-07-29 11:38:25.521,1638.00,1622.00,160.00
2025-07-29 11:38:25.554,0.00,-16.00,70.00
2025-07-29 11:38:25.555,0.00,-16.00,70.00
2025-07-29 11:38:25.588,0.00,-16.00,108.60
2025-07-29 11:38:25.621,1638.00,1622.00,160.00
2025-07-29 11:38:25.622,0.00,-16.00,70.00
2025-07-29 11:38:25.654,0.00,-16.00,70.00
2025-07-29 11:38:25.687,1638.00,1622.00,160.00
2025-07-29 11:38:25.688,1638.00,1622.00,160.00
2025-07-29 11:38:25.721,0.00,-16.00,70.00
2025-07-29 11:38:25.754,4561.00,4545.00,160.00
2025-07-29 11:38:25.755,1638.00,1622.00,70.00
2025-07-29 11:38:25.787,0.00,-16.00,70.00
2025-07-29 11:38:25.821,1638.00,1622.00,160.00
2025-07-29 11:38:25.821,1638.00,1622.00,160.00
2025-07-29 11:38:25.854,1638.00,1622.00,160.00
2025-07-29 11:38:25.887,0.00,-16.00,70.00
2025-07-29 11:38:25.888,1638.00,1622.00,70.00
2025-07-29 11:38:25.921,0.00,-16.00,108.60
2025-07-29 11:38:25.954,0.00,-16.00,108.60
2025-07-29 11:38:25.954,51.00,35.00,160.00
2025-07-29 11:38:25.987,1638.00,1622.00,160.00
2025-07-29 11:38:26.020,1638.00,1622.00,160.00
2025-07-29 11:38:26.054,1638.00,1622.00,160.00
2025-07-29 11:38:26.054,1638.00,1622.00,160.00
2025-07-29 11:38:26.087,1638.00,1622.00,160.00
2025-07-29 11:38:26.120,1638.00,1622.00,160.00
2025-07-29 11:38:26.153,1638.00,1622.00,160.00
2025-07-29 11:38:26.154,0.00,-16.00,70.00
2025-07-29 11:38:26.187,1638.00,1622.00,160.00
2025-07-29 11:38:26.220,0.00,-16.00,70.00
2025-07-29 11:38:26.221,4.00,-12.00,124.20
2025-07-29 11:38:26.253,1638.00,1622.00,160.00
2025-07-29 11:38:26.287,0.00,-16.00,70.00
2025-07-29 11:38:26.287,0.00,-16.00,70.00
2025-07-29 11:38:26.320,0.00,-16.00,108.60
2025-07-29 11:38:26.320,0.00,-16.00,108.60
2025-07-29 11:38:26.353,1638.00,1622.00,160.00
2025-07-29 11:38:26.386,0.00,-16.00,70.00
2025-07-29 11:38:26.387,4.00,-12.00,124.20
2025-07-29 11:38:26.420,1638.00,1622.00,160.00
2025-07-29 11:38:26.453,0.00,-16.00,70.00
2025-07-29 11:38:26.454,4561.00,4545.00,160.00
2025-07-29 11:38:26.486,1639.00,1623.00,70.00
2025-07-29 11:38:26.520,0.00,-16.00,70.00
2025-07-29 11:38:26.520,1638.00,1622.00,160.00
2025-07-29 11:38:26.553,0.00,-16.00,70.00
2025-07-29 11:38:26.586,1638.00,1622.00,160.00
2025-07-29 11:38:26.587,0.00,-16.00,70.00
2025-07-29 11:38:26.620,1638.00,1622.00,160.00
2025-07-29 11:38:26.653,512.00,496.00,70.00
2025-07-29 11:38:26.653,0.00,-16.00,70.00
2025-07-29 11:38:26.686,1639.00,1623.00,70.00
2025-07-29 11:38:26.719,0.00,-16.00,108.60
2025-07-29 11:38:26.720,0.00,-16.00,108.60
2025-07-29 11:38:26.753,0.00,-16.00,108.60
2025-07-29 11:38:26.786,4.00,-12.00,124.20
2025-07-29 11:38:26.786,4.00,-12.00,110.20
2025-07-29 11:38:26.819,1638.00,1622.00,160.00
2025-07-29 11:38:26.852,1638.00,1622.00,160.00
2025-07-29 11:38:26.853,0.00,-16.00,70.00
2025-07-29 11:38:26.886,4561.00,4545.00,70.00
2025-07-29 11:38:26.919,0.00,-16.00,108.60
2025-07-29 11:38:26.919,0.00,-16.00,108.60
2025-07-29 11:38:26.952,1638.00,1622.00,160.00
2025-07-29 11:38:26.986,1638.00,1622.00,160.00
2025-07-29 11:38:26.986,0.00,-16.00,70.00
2025-07-29 11:38:27.019,0.00,-16.00,70.00
2025-07-29 11:38:27.052,4.00,-12.00,124.20
2025-07-29 11:38:27.053,1638.00,1622.00,160.00
2025-07-29 11:38:27.085,512.00,496.00,70.00
2025-07-29 11:38:27.119,4.00,-12.00,70.00
2025-07-29 11:38:27.119,4561.00,4545.00,160.00
2025-07-29 11:38:27.152,1638.00,1622.00,70.00
2025-07-29 11:38:27.185,0.00,-16.00,70.00
2025-07-29 11:38:27.186,4.00,-12.00,124.20
2025-07-29 11:38:27.219,1638.00,1622.00,160.00
2025-07-29 11:38:27.252,1638.00,1622.00,160.00
2025-07-29 11:38:27.252,0.00,-16.00,70.00
2025-07-29 11:38:27.285,4.00,-12.00,124.20
2025-07-29 11:38:27.318,1638.00,1622.00,160.00
2025-07-29 11:38:27.352,1639.00,1623.00,160.00
2025-07-29 11:38:27.352,1638.00,1622.00,160.00
2025-07-29 11:38:27.385,1639.00,1623.00,160.00
2025-07-29 11:38:27.418,0.00,-16.00,70.00
2025-07-29 11:38:27.419,0.00,-16.00,108.60
2025-07-29 11:38:27.452,1643.00,1627.00,160.00
2025-07-29 11:38:27.485,0.00,-16.00,70.00
2025-07-29 11:38:27.485,1638.00,1622.00,70.00
2025-07-29 11:38:27.518,0.00,-16.00,108.60
2025-07-29 11:38:27.551,0.00,-16.00,108.60
2025-07-29 11:38:27.552,0.00,-16.00,108.60
2025-07-29 11:38:27.585,0.00,-16.00,108.60
2025-07-29 11:38:27.585,0.00,-16.00,108.60
2025-07-29 11:38:27.618,0.00,-16.00,108.60
2025-07-29 11:38:27.651,1638.00,1622.00,160.00
2025-07-29 11:38:27.652,0.00,-16.00,70.00
2025-07-29 11:38:27.685,4.00,-12.00,124.20
2025-07-29 11:38:27.718,1638.00,1622.00,160.00
2025-07-29 11:38:27.718,0.00,-16.00,70.00
2025-07-29 11:38:27.751,1638.00,1622.00,70.00
2025-07-29 11:38:27.784,1638.00,1622.00,160.00
2025-07-29 11:38:27.785,0.00,-16.00,70.00
2025-07-29 11:38:27.818,0.00,-16.00,70.00
2025-07-29 11:38:27.851,1638.00,1622.00,160.00
2025-07-29 11:38:27.884,1638.00,1622.00,160.00
2025-07-29 11:38:27.885,0.00,-16.00,70.00
2025-07-29 11:38:27.917,0.00,-16.00,70.00
2025-07-29 11:38:27.918,1638.00,1622.00,160.00
2025-07-29 11:38:27.951,0.00,-16.00,70.00
2025-07-29 11:38:27.984,1638.00,1622.00,160.00
2025-07-29 11:38:27.984,0.00,-16.00,70.00
2025-07-29 11:38:28.017,0.00,-16.00,108.60
2025-07-29 11:38:28.050,0.00,-16.00,108.60
2025-07-29 11:38:28.051,4.00,-12.00,124.20
2025-07-29 11:38:28.084,0.00,-16.00,94.60
2025-07-29 11:38:28.117,1638.00,1622.00,160.00
2025-07-29 11:38:28.118,0.00,-16.00,70.00
2025-07-29 11:38:28.150,1638.00,1622.00,160.00
2025-07-29 11:38:28.184,1638.00,1622.00,160.00
2025-07-29 11:38:28.184,1638.00,1622.00,160.00
2025-07-29 11:38:28.217,0.00,-16.00,70.00
2025-07-29 11:38:28.250,1638.00,1622.00,160.00
2025-07-29 11:38:28.251,0.00,-16.00,70.00
2025-07-29 11:38:28.284,1638.00,1622.00,160.00
2025-07-29 11:38:28.317,1638.00,1622.00,160.00
2025-07-29 11:38:28.350,1638.00,1622.00,160.00
2025-07-29 11:38:28.351,1638.00,1622.00,160.00
2025-07-29 11:38:28.383,1638.00,1622.00,160.00
2025-07-29 11:38:28.417,1638.00,1622.00,160.00
2025-07-29 11:38:28.450,1638.00,1622.00,160.00
2025-07-29 11:38:28.450,4.00,-12.00,70.00
2025-07-29 11:38:28.483,0.00,-16.00,70.00
2025-07-29 11:38:28.516,512.00,496.00,160.00
2025-07-29 11:38:28.517,1638.00,1622.00,160.00
2025-07-29 11:38:28.550,1638.00,1622.00,160.00
2025-07-29 11:38:28.583,1638.00,1622.00,160.00
2025-07-29 11:38:28.616,1638.00,1622.00,160.00
2025-07-29 11:38:28.617,230.00,214.00,70.00
2025-07-29 11:38:28.650,972.00,956.00,160.00
2025-07-29 11:38:28.683,6528.00,6512.00,160.00
2025-07-29 11:38:28.683,1638.00,1622.00,70.00
2025-07-29 11:38:28.716,1638.00,1622.00,160.00
2025-07-29 11:38:28.749,1638.00,1622.00,160.00
2025-07-29 11:38:28.783,1638.00,1622.00,160.00
2025-07-29 11:38:28.783,4.00,-12.00,70.00
2025-07-29 11:38:28.816,1638.00,1622.00,70.00
2025-07-29 11:38:28.849,1638.00,1622.00,160.00
2025-07-29 11:38:28.850,4561.00,4545.00,160.00
2025-07-29 11:38:28.883,512.00,496.00,70.00
2025-07-29 11:38:28.916,0.00,-16.00,70.00
2025-07-29 11:38:28.916,4.00,-12.00,124.20
2025-07-29 11:38:28.949,4561.00,4545.00,160.00
2025-07-29 11:38:28.982,1638.00,1622.00,70.00
2025-07-29 11:38:28.983,0.00,-16.00,70.00
2025-07-29 11:38:29.001,0.00,-16.00,70.00
2025-07-29 11:38:29.478,6553.00,6537.00,160.00
2025-07-29 11:38:29.511,1638.00,1622.00,160.00
2025-07-29 11:38:29.544,0.00,-16.00,70.00
2025-07-29 11:38:29.545,1638.00,1622.00,70.00
2025-07-29 11:38:29.578,0.00,-16.00,108.60
2025-07-29 11:38:29.611,4.00,-12.00,108.60
2025-07-29 11:38:29.611,0.00,-16.00,108.60
2025-07-29 11:38:29.644,1638.00,1622.00,108.60
2025-07-29 11:38:29.677,1638.00,1622.00,160.00
2025-07-29 11:38:29.678,0.00,-16.00,70.00
2025-07-29 11:38:29.711,1638.00,1622.00,160.00
2025-07-29 11:38:29.744,1638.00,1622.00,160.00
2025-07-29 11:38:29.777,1638.00,1622.00,160.00
2025-07-29 11:38:29.778,1638.00,1622.00,160.00
2025-07-29 11:38:29.811,1638.00,1622.00,160.00
2025-07-29 11:38:29.844,1638.00,1622.00,160.00
2025-07-29 11:38:29.877,1638.00,1622.00,160.00
2025-07-29 11:38:29.878,1638.00,1622.00,160.00
2025-07-29 11:38:29.911,0.00,-16.00,70.00
2025-07-29 11:38:29.944,6528.00,6512.00,70.00
2025-07-29 11:38:29.944,1638.00,1622.00,160.00
2025-07-29 11:38:29.977,0.00,-16.00,70.00
2025-07-29 11:38:30.010,1638.00,1622.00,70.00
2025-07-29 11:38:30.011,512.00,496.00,160.00
2025-07-29 11:38:30.044,1638.00,1622.00,160.00
2025-07-29 11:38:30.077,1638.00,1622.00,160.00
2025-07-29 11:38:30.110,1638.00,1622.00,160.00
2025-07-29 11:38:30.111,1638.00,1622.00,160.00
2025-07-29 11:38:30.144,1638.00,1622.00,160.00
2025-07-29 11:38:30.177,0.00,-16.00,70.00
2025-07-29 11:38:30.177,1638.00,1622.00,70.00
2025-07-29 11:38:30.210,0.00,-16.00,108.60
2025-07-29 11:38:30.243,1638.00,1622.00,160.00
2025-07-29 11:38:30.244,0.00,-16.00,70.00
2025-07-29 11:38:30.277,0.00,-16.00,108.60
2025-07-29 11:38:30.310,1638.00,1622.00,160.00
2025-07-29 11:38:30.311,1638.00,1622.00,160.00
2025-07-29 11:38:30.343,1638.00,1622.00,160.00
2025-07-29 11:38:30.377,1638.00,1622.00,160.00
2025-07-29 11:38:30.410,1638.00,1622.00,160.00
2025-07-29 11:38:30.410,1638.00,1622.00,160.00
2025-07-29 11:38:30.443,6528.00,6512.00,160.00
2025-07-29 11:38:30.476,1638.00,1622.00,70.00
2025-07-29 11:38:30.509,0.00,-16.00,70.00
2025-07-29 11:38:30.510,1638.00,1622.00,70.00
2025-07-29 11:38:30.543,0.00,-16.00,108.60
2025-07-29 11:38:30.576,1638.00,1622.00,160.00
2025-07-29 11:38:30.577,1638.00,1622.00,160.00
2025-07-29 11:38:30.609,1638.00,1622.00,160.00
2025-07-29 11:38:30.643,1638.00,1622.00,160.00
2025-07-29 11:38:30.676,1638.00,1622.00,160.00
2025-07-29 11:38:30.676,1638.00,1622.00,160.00
2025-07-29 11:38:30.709,6528.00,6512.00,160.00
2025-07-29 11:38:30.743,1638.00,1622.00,70.00
2025-07-29 11:38:30.776,1638.00,1622.00,160.00
2025-07-29 11:38:30.776,0.00,-16.00,70.00
2025-07-29 11:38:30.809,1638.00,1622.00,160.00
2025-07-29 11:38:30.842,0.00,-16.00,70.00
2025-07-29 11:38:30.843,1638.00,1622.00,70.00
2025-07-29 11:38:30.876,0.00,-16.00,108.60
2025-07-29 11:38:30.909,4.00,-12.00,124.20
2025-07-29 11:38:30.909,1638.00,1622.00,160.00
2025-07-29 11:38:30.942,0.00,-16.00,70.00
2025-07-29 11:38:30.975,1638.00,1622.00,160.00
2025-07-29 11:38:30.976,1638.00,1622.00,160.00
2025-07-29 11:38:31.009,0.00,-16.00,70.00
2025-07-29 11:38:31.042,0.00,-16.00,108.60
2025-07-29 11:38:31.043,1638.00,1622.00,160.00
2025-07-29 11:38:31.075,1638.00,1622.00,160.00
2025-07-29 11:38:31.109,1638.00,1622.00,160.00
2025-07-29 11:38:31.142,1638.00,1622.00,160.00
2025-07-29 11:38:31.142,1638.00,1622.00,160.00
2025-07-29 11:38:31.175,0.00,-16.00,70.00
2025-07-29 11:38:31.208,1638.00,1622.00,70.00
2025-07-29 11:38:31.209,1638.00,1622.00,160.00
2025-07-29 11:38:31.242,0.00,-16.00,70.00
2025-07-29 11:38:31.275,1638.00,1622.00,160.00
2025-07-29 11:38:31.276,1643.00,1627.00,160.00
2025-07-29 11:38:31.308,0.00,-16.00,70.00
2025-07-29 11:38:31.342,1638.00,1622.00,70.00
2025-07-29 11:38:31.375,1638.00,1622.00,160.00
2025-07-29 11:38:31.375,1638.00,1622.00,160.00
2025-07-29 11:38:31.408,0.00,-16.00,70.00
2025-07-29 11:38:31.441,4561.00,4545.00,160.00
2025-07-29 11:38:31.442,0.00,-16.00,70.00
2025-07-29 11:38:31.475,1638.00,1622.00,160.00
2025-07-29 11:38:31.508,0.00,-16.00,70.00
2025-07-29 11:38:31.509,1638.00,1622.00,160.00
2025-07-29 11:38:31.541,0.00,-16.00,70.00
2025-07-29 11:38:31.574,4561.00,4545.00,160.00
2025-07-29 11:38:31.575,512.00,496.00,70.00
2025-07-29 11:38:31.608,0.00,-16.00,70.00
2025-07-29 11:38:31.641,4.00,-12.00,124.20
2025-07-29 11:38:31.642,4561.00,4545.00,160.00
2025-07-29 11:38:31.674,1638.00,1622.00,70.00
2025-07-29 11:38:31.708,1638.00,1622.00,160.00
2025-07-29 11:38:31.708,0.00,-16.00,70.00
2025-07-29 11:38:31.741,0.00,-16.00,108.60
2025-07-29 11:38:31.774,1638.00,1622.00,160.00
2025-07-29 11:38:31.775,1638.00,1622.00,160.00
2025-07-29 11:38:31.808,1638.00,1622.00,160.00
2025-07-29 11:38:31.841,1638.00,1622.00,160.00
2025-07-29 11:38:31.874,1643.00,1627.00,160.00
2025-07-29 11:38:31.875,1643.00,1627.00,160.00
2025-07-29 11:38:31.907,1638.00,1622.00,160.00
2025-07-29 11:38:31.941,0.00,-16.00,70.00
2025-07-29 11:38:31.941,0.00,-16.00,108.60
2025-07-29 11:38:31.974,0.00,-16.00,108.60
2025-07-29 11:38:32.007,1639.00,1623.00,160.00
2025-07-29 11:38:32.008,0.00,-16.00,70.00
2025-07-29 11:38:32.041,0.00,-16.00,108.60
2025-07-29 11:38:32.074,0.00,-16.00,108.60
2025-07-29 11:38:32.074,1638.00,1622.00,160.00
2025-07-29 11:38:32.107,0.00,-16.00,70.00
2025-07-29 11:38:32.140,0.00,-16.00,70.00
2025-07-29 11:38:32.141,1638.00,1622.00,160.00
2025-07-29 11:38:32.174,1643.00,1627.00,160.00
2025-07-29 11:38:32.207,1638.00,1622.00,160.00
2025-07-29 11:38:32.240,1638.00,1622.00,160.00
2025-07-29 11:38:32.241,0.00,-16.00,70.00
2025-07-29 11:38:32.273,1638.00,1622.00,70.00
2025-07-29 11:38:32.307,0.00,-16.00,108.60
2025-07-29 11:38:32.307,1638.00,1622.00,160.00
2025-07-29 11:38:32.340,4.00,-12.00,70.00
2025-07-29 11:38:32.373,4.00,-12.00,110.20
2025-07-29 11:38:32.374,1638.00,1622.00,160.00
2025-07-29 11:38:32.407,0.00,-16.00,70.00
2025-07-29 11:38:32.407,0.00,-16.00,108.60
2025-07-29 11:38:32.440,1638.00,1622.00,160.00
2025-07-29 11:38:32.473,0.00,-16.00,70.00
2025-07-29 11:38:32.506,1638.00,1622.00,70.00
2025-07-29 11:38:32.507,1638.00,1622.00,160.00
2025-07-29 11:38:32.540,1638.00,1622.00,160.00
2025-07-29 11:38:32.573,1638.00,1622.00,160.00
2025-07-29 11:38:32.606,1638.00,1622.00,160.00
2025-07-29 11:38:32.607,1638.00,1622.00,160.00
2025-07-29 11:38:32.640,1638.00,1622.00,160.00
2025-07-29 11:38:32.673,0.00,-16.00,70.00
2025-07-29 11:38:32.673,1638.00,1622.00,160.00
2025-07-29 11:38:32.706,0.00,-16.00,70.00
2025-07-29 11:38:32.739,1638.00,1622.00,70.00
2025-07-29 11:38:32.740,1638.00,1622.00,160.00
2025-07-29 11:38:32.773,1638.00,1622.00,160.00
2025-07-29 11:38:32.806,1638.00,1622.00,160.00
2025-07-29 11:38:32.839,4.00,-12.00,70.00
2025-07-29 11:38:32.840,1638.00,1622.00,160.00
2025-07-29 11:38:32.872,4.00,-12.00,70.00
2025-07-29 11:38:32.906,1638.00,1622.00,160.00
2025-07-29 11:38:32.906,1638.00,1622.00,160.00
2025-07-29 11:38:32.939,0.00,-16.00,70.00
2025-07-29 11:38:32.972,1638.00,1622.00,160.00
2025-07-29 11:38:32.973,1638.00,1622.00,160.00
2025-07-29 11:38:33.006,1638.00,1622.00,160.00
2025-07-29 11:38:33.039,0.00,-16.00,70.00
2025-07-29 11:38:33.039,0.00,-16.00,108.60
2025-07-29 11:38:33.072,0.00,-16.00,108.60
2025-07-29 11:38:33.105,1638.00,1622.00,160.00
2025-07-29 11:38:33.139,1638.00,1622.00,160.00
2025-07-29 11:38:33.139,1638.00,1622.00,160.00
2025-07-29 11:38:33.172,1638.00,1622.00,160.00
2025-07-29 11:38:33.205,1638.00,1622.00,160.00
2025-07-29 11:38:33.238,1638.00,1622.00,160.00
2025-07-29 11:38:33.239,0.00,-16.00,70.00
2025-07-29 11:38:33.272,1638.00,1622.00,160.00
2025-07-29 11:38:33.305,4561.00,4545.00,160.00
2025-07-29 11:38:33.306,0.00,-16.00,70.00
2025-07-29 11:38:33.338,4561.00,4545.00,70.00
2025-07-29 11:38:33.372,1638.00,1622.00,160.00
2025-07-29 11:38:33.372,1638.00,1622.00,160.00
2025-07-29 11:38:33.405,0.00,-16.00,70.00
2025-07-29 11:38:33.438,4.00,-12.00,124.20
2025-07-29 11:38:33.439,4.00,-12.00,110.20
2025-07-29 11:38:33.471,0.00,-16.00,94.60
2025-07-29 11:38:33.505,4561.00,4545.00,160.00
2025-07-29 11:38:33.505,0.00,-16.00,70.00
2025-07-29 11:38:33.538,4.00,-12.00,124.20
2025-07-29 11:38:33.539,0.00,-16.00,94.60
2025-07-29 11:38:33.571,0.00,-16.00,108.60
2025-07-29 11:38:33.605,1638.00,1622.00,160.00
2025-07-29 11:38:33.638,1638.00,1622.00,160.00
2025-07-29 11:38:33.638,0.00,-16.00,70.00
2025-07-29 11:38:33.671,6528.00,6512.00,70.00
2025-07-29 11:38:33.704,4561.00,4545.00,160.00
2025-07-29 11:38:33.705,0.00,-16.00,70.00
2025-07-29 11:38:33.738,4.00,-12.00,124.20
2025-07-29 11:38:33.738,0.00,-16.00,94.60
2025-07-29 11:38:33.771,1638.00,1622.00,160.00
2025-07-29 11:38:33.804,1638.00,1622.00,160.00
2025-07-29 11:38:33.838,1638.00,1622.00,160.00
2025-07-29 11:38:33.838,0.00,-16.00,70.00
2025-07-29 11:38:33.871,1638.00,1622.00,160.00
2025-07-29 11:38:33.904,1638.00,1622.00,160.00
2025-07-29 11:38:33.937,1638.00,1622.00,160.00
2025-07-29 11:38:33.938,1638.00,1622.00,160.00
2025-07-29 11:38:33.971,0.00,-16.00,70.00
2025-07-29 11:38:34.004,0.00,-16.00,108.60
2025-07-29 11:38:34.004,0.00,-16.00,108.60
2025-07-29 11:38:34.037,0.00,-16.00,108.60
2025-07-29 11:38:34.070,1638.00,1622.00,160.00
2025-07-29 11:38:34.071,1638.00,1622.00,160.00
2025-07-29 11:38:34.104,1638.00,1622.00,160.00
2025-07-29 11:38:34.137,0.00,-16.00,70.00
2025-07-29 11:38:34.138,1638.00,1622.00,70.00
2025-07-29 11:38:34.170,0.00,-16.00,108.60
2025-07-29 11:38:34.204,0.00,-16.00,108.60
2025-07-29 11:38:34.204,1638.00,1622.00,160.00
2025-07-29 11:38:34.237,1638.00,1622.00,160.00
2025-07-29 11:38:34.270,1638.00,1622.00,160.00
2025-07-29 11:38:34.303,4561.00,4545.00,160.00
2025-07-29 11:38:34.304,0.00,-16.00,70.00
2025-07-29 11:38:34.337,1638.00,1622.00,160.00
2025-07-29 11:38:34.370,0.00,-16.00,70.00
2025-07-29 11:38:34.371,0.00,-16.00,108.60
2025-07-29 11:38:34.403,1638.00,1622.00,160.00
2025-07-29 11:38:34.437,4561.00,4545.00,160.00
2025-07-29 11:38:34.437,1638.00,1622.00,70.00
2025-07-29 11:38:34.470,1638.00,1622.00,160.00
2025-07-29 11:38:34.503,1638.00,1622.00,160.00
2025-07-29 11:38:34.536,1638.00,1622.00,160.00
2025-07-29 11:38:34.537,1638.00,1622.00,160.00
2025-07-29 11:38:34.570,0.00,-16.00,70.00
2025-07-29 11:38:34.603,1638.00,1622.00,160.00
2025-07-29 11:38:34.604,1638.00,1622.00,160.00
2025-07-29 11:38:34.636,1638.00,1622.00,160.00
2025-07-29 11:38:34.670,1638.00,1622.00,160.00
2025-07-29 11:38:34.703,1638.00,1622.00,160.00
2025-07-29 11:38:34.703,1638.00,1622.00,160.00
2025-07-29 11:38:34.736,1638.00,1622.00,160.00
2025-07-29 11:38:34.769,1638.00,1622.00,160.00
2025-07-29 11:38:34.803,0.00,-16.00,70.00
2025-07-29 11:38:34.803,1638.00,1622.00,160.00
2025-07-29 11:38:34.836,1638.00,1622.00,160.00
2025-07-29 11:38:34.869,1638.00,1622.00,160.00
2025-07-29 11:38:34.902,1638.00,1622.00,160.00
2025-07-29 11:38:34.903,0.00,-16.00,70.00
2025-07-29 11:38:34.936,0.00,-16.00,108.60
2025-07-29 11:38:34.936,0.00,-16.00,108.60
2025-07-29 11:38:34.969,0.00,-16.00,108.60
2025-07-29 11:38:35.002,1638.00,1622.00,160.00
2025-07-29 11:38:35.003,0.00,-16.00,70.00
2025-07-29 11:38:35.036,1638.00,1622.00,160.00
2025-07-29 11:38:35.069,1638.00,1622.00,160.00
2025-07-29 11:38:35.102,4561.00,4545.00,160.00
2025-07-29 11:38:35.103,1638.00,1622.00,70.00
2025-07-29 11:38:35.136,1638.00,1622.00,160.00
2025-07-29 11:38:35.169,1638.00,1622.00,160.00
2025-07-29 11:38:35.202,6528.00,6512.00,160.00
2025-07-29 11:38:35.203,1638.00,1622.00,70.00
2025-07-29 11:38:35.235,0.00,-16.00,70.00
2025-07-29 11:38:35.269,1638.00,1622.00,70.00
2025-07-29 11:38:35.269,1638.00,1622.00,160.00
2025-07-29 11:38:35.302,1638.00,1622.00,160.00
2025-07-29 11:38:35.335,1638.00,1622.00,160.00
2025-07-29 11:38:35.368,1638.00,1622.00,160.00
2025-07-29 11:38:35.369,1638.00,1622.00,160.00
2025-07-29 11:38:35.402,1638.00,1622.00,160.00
2025-07-29 11:38:35.435,0.00,-16.00,70.00
2025-07-29 11:38:35.436,1638.00,1622.00,160.00
2025-07-29 11:38:35.468,1638.00,1622.00,160.00
2025-07-29 11:38:35.502,1638.00,1622.00,160.00
2025-07-29 11:38:35.535,1638.00,1622.00,160.00
2025-07-29 11:38:35.535,1638.00,1622.00,160.00
2025-07-29 11:38:35.568,1638.00,1622.00,160.00
2025-07-29 11:38:35.601,1638.00,1622.00,160.00
2025-07-29 11:38:35.635,0.00,-16.00,70.00
2025-07-29 11:38:35.635,1638.00,1622.00,70.00
2025-07-29 11:38:35.668,0.00,-16.00,108.60
2025-07-29 11:38:35.701,0.00,-16.00,108.60
2025-07-29 11:38:35.702,1638.00,1622.00,160.00
2025-07-29 11:38:35.735,1638.00,1622.00,160.00
2025-07-29 11:38:35.768,1638.00,1622.00,160.00
2025-07-29 11:38:35.801,1638.00,1622.00,160.00
2025-07-29 11:38:35.802,0.00,-16.00,70.00
2025-07-29 11:38:35.834,0.00,-16.00,108.60
2025-07-29 11:38:35.835,0.00,-16.00,108.60
2025-07-29 11:38:35.868,1638.00,1622.00,160.00
2025-07-29 11:38:35.901,0.00,-16.00,70.00
2025-07-29 11:38:35.902,1638.00,1622.00,160.00
2025-07-29 11:38:35.934,0.00,-16.00,70.00
2025-07-29 11:38:35.968,1638.00,1622.00,160.00
2025-07-29 11:38:36.001,1638.00,1622.00,160.00
2025-07-29 11:38:36.001,1638.00,1622.00,160.00
2025-07-29 11:38:36.034,0.00,-16.00,70.00
2025-07-29 11:38:36.067,1638.00,1622.00,70.00
2025-07-29 11:38:36.068,1638.00,1622.00,160.00
2025-07-29 11:38:36.101,1638.00,1622.00,160.00
2025-07-29 11:38:36.134,0.00,-16.00,70.00
2025-07-29 11:38:36.134,0.00,-16.00,70.00
2025-07-29 11:38:36.167,0.00,-16.00,108.60
2025-07-29 11:38:36.200,1638.00,1622.00,160.00
2025-07-29 11:38:36.201,1638.00,1622.00,160.00
2025-07-29 11:38:36.234,1638.00,1622.00,160.00
2025-07-29 11:38:36.267,1638.00,1622.00,160.00
2025-07-29 11:38:36.300,0.00,-16.00,70.00
2025-07-29 11:38:36.301,0.00,-16.00,108.60
2025-07-29 11:38:36.334,1638.00,1622.00,160.00
2025-07-29 11:38:36.367,0.00,-16.00,70.00
2025-07-29 11:38:36.367,1639.00,1623.00,70.00
2025-07-29 11:38:36.400,1638.00,1622.00,160.00
2025-07-29 11:38:36.433,1638.00,1622.00,160.00
2025-07-29 11:38:36.434,0.00,-16.00,70.00
2025-07-29 11:38:36.467,1638.00,1622.00,160.00
2025-07-29 11:38:36.500,1639.00,1623.00,160.00
2025-07-29 11:38:36.501,0.00,-16.00,70.00
2025-07-29 11:38:36.533,1638.00,1622.00,70.00
2025-07-29 11:38:36.567,0.00,-16.00,108.60
2025-07-29 11:38:36.600,1643.00,1627.00,160.00
2025-07-29 11:38:36.600,1638.00,1622.00,160.00
2025-07-29 11:38:36.633,1638.00,1622.00,160.00
2025-07-29 11:38:36.666,1638.00,1622.00,160.00
2025-07-29 11:38:36.700,1638.00,1622.00,160.00
2025-07-29 11:38:36.700,0.00,-16.00,70.00
2025-07-29 11:38:36.733,0.00,-16.00,108.60
2025-07-29 11:38:36.733,1638.00,1622.00,160.00
2025-07-29 11:38:36.766,1639.00,1623.00,160.00
2025-07-29 11:38:36.800,0.00,-16.00,70.00
2025-07-29 11:38:36.800,0.00,-16.00,108.60
2025-07-29 11:38:36.833,0.00,-16.00,108.60
2025-07-29 11:38:36.866,0.00,-16.00,108.60
2025-07-29 11:38:36.867,1638.00,1622.00,160.00
2025-07-29 11:38:36.899,0.00,-16.00,70.00
2025-07-29 11:38:36.933,0.00,-16.00,70.00
2025-07-29 11:38:36.933,1638.00,1622.00,160.00
2025-07-29 11:38:36.966,1638.00,1622.00,160.00
2025-07-29 11:38:36.999,1638.00,1622.00,160.00
2025-07-29 11:38:37.032,4561.00,4545.00,160.00
2025-07-29 11:38:37.033,0.00,-16.00,70.00
2025-07-29 11:38:37.066,0.00,-16.00,108.60
2025-07-29 11:38:37.066,0.00,-16.00,108.60
2025-07-29 11:38:37.099,1638.00,1622.00,160.00
2025-07-29 11:38:37.132,0.00,-16.00,70.00
2025-07-29 11:38:37.133,0.00,-16.00,108.60
2025-07-29 11:38:37.166,0.00,-16.00,108.60
2025-07-29 11:38:37.199,1638.00,1622.00,160.00
2025-07-29 11:38:37.199,0.00,-16.00,70.00
2025-07-29 11:38:37.232,1638.00,1622.00,160.00
2025-07-29 11:38:37.265,6528.00,6512.00,160.00
2025-07-29 11:38:37.299,4561.00,4545.00,70.00
2025-07-29 11:38:37.299,0.00,-16.00,70.00
2025-07-29 11:38:37.332,0.00,-16.00,108.60
2025-07-29 11:38:37.333,0.00,-16.00,108.60
2025-07-29 11:38:37.365,4.00,-12.00,124.20
2025-07-29 11:38:37.399,0.00,-16.00,94.60
2025-07-29 11:38:37.399,0.00,-16.00,108.60
2025-07-29 11:38:37.432,4.00,-12.00,124.20
2025-07-29 11:38:37.465,1638.00,1622.00,160.00
2025-07-29 11:38:37.466,1638.00,1622.00,160.00
2025-07-29 11:38:37.499,1638.00,1622.00,160.00
2025-07-29 11:38:37.532,1638.00,1622.00,160.00
2025-07-29 11:38:37.565,0.00,-16.00,70.00
2025-07-29 11:38:37.565,0.00,-16.00,108.60
2025-07-29 11:38:37.598,1638.00,1622.00,160.00
2025-07-29 11:38:37.631,4.00,-12.00,70.00
2025-07-29 11:38:37.632,0.00,-16.00,70.00
2025-07-29 11:38:37.665,0.00,-16.00,94.60
2025-07-29 11:38:37.665,0.00,-16.00,94.60
2025-07-29 11:38:37.698,0.00,-16.00,108.60
2025-07-29 11:38:37.732,1638.00,1622.00,160.00
2025-07-29 11:38:37.733,1638.00,1622.00,160.00
2025-07-29 11:38:38.210,6553.00,6537.00,160.00
2025-07-29 11:38:38.243,4561.00,4545.00,160.00
2025-07-29 11:38:38.276,4561.00,4545.00,70.00
2025-07-29 11:38:38.277,4561.00,4545.00,70.00
2025-07-29 11:38:38.310,0.00,-16.00,70.00
2025-07-29 11:38:38.343,0.00,-16.00,70.00
2025-07-29 11:38:38.343,0.00,-16.00,108.60
2025-07-29 11:38:38.376,4561.00,4545.00,108.60
2025-07-29 11:38:38.409,0.00,-16.00,108.60
2025-07-29 11:38:38.410,0.00,-16.00,108.60
2025-07-29 11:38:38.443,0.00,-16.00,108.60
2025-07-29 11:38:38.476,1638.00,1622.00,160.00
2025-07-29 11:38:38.477,4561.00,4545.00,160.00
2025-07-29 11:38:38.509,1638.00,1622.00,70.00
2025-07-29 11:38:38.543,1638.00,1622.00,160.00
2025-07-29 11:38:38.543,0.00,-16.00,70.00
2025-07-29 11:38:38.576,0.00,-16.00,70.00
2025-07-29 11:38:38.609,1638.00,1622.00,160.00
2025-07-29 11:38:38.642,1638.00,1622.00,160.00
2025-07-29 11:38:38.643,0.00,-16.00,70.00
2025-07-29 11:38:38.676,0.00,-16.00,70.00
2025-07-29 11:38:38.676,1638.00,1622.00,160.00
2025-07-29 11:38:38.709,0.00,-16.00,70.00
2025-07-29 11:38:38.742,0.00,-16.00,108.60
2025-07-29 11:38:38.743,1638.00,1622.00,160.00
2025-07-29 11:38:38.776,1638.00,1622.00,160.00
2025-07-29 11:38:38.809,0.00,-16.00,70.00
2025-07-29 11:38:38.842,1638.00,1622.00,160.00
2025-07-29 11:38:38.843,0.00,-16.00,70.00
2025-07-29 11:38:38.875,0.00,-16.00,108.60
2025-07-29 11:38:38.876,0.00,-16.00,108.60
2025-07-29 11:38:38.909,0.00,-16.00,108.60
2025-07-29 11:38:38.942,4561.00,4545.00,160.00
2025-07-29 11:38:38.942,0.00,-16.00,70.00
2025-07-29 11:38:38.975,0.00,-16.00,70.00
2025-07-29 11:38:39.008,1638.00,1622.00,160.00
2025-07-29 11:38:39.009,1638.00,1622.00,160.00
2025-07-29 11:38:39.042,1638.00,1622.00,160.00
2025-07-29 11:38:39.075,0.00,-16.00,70.00
2025-07-29 11:38:39.076,0.00,-16.00,108.60
2025-07-29 11:38:39.108,0.00,-16.00,108.60
2025-07-29 11:38:39.142,4561.00,4545.00,160.00
2025-07-29 11:38:39.142,0.00,-16.00,70.00
2025-07-29 11:38:39.175,0.00,-16.00,70.00
2025-07-29 11:38:39.208,4561.00,4545.00,160.00
2025-07-29 11:38:39.209,0.00,-16.00,70.00
2025-07-29 11:38:39.242,1638.00,1622.00,160.00
2025-07-29 11:38:39.275,0.00,-16.00,70.00
2025-07-29 11:38:39.275,0.00,-16.00,108.60
2025-07-29 11:38:39.308,1638.00,1622.00,160.00
2025-07-29 11:38:39.341,0.00,-16.00,70.00
2025-07-29 11:38:39.342,4.00,-12.00,124.20
2025-07-29 11:38:39.375,4561.00,4545.00,160.00
2025-07-29 11:38:39.408,0.00,-16.00,70.00
2025-07-29 11:38:39.408,4561.00,4545.00,160.00
2025-07-29 11:38:39.441,0.00,-16.00,70.00
2025-07-29 11:38:39.474,0.00,-16.00,108.60
2025-07-29 11:38:39.475,0.00,-16.00,108.60
2025-07-29 11:38:39.508,0.00,-16.00,108.60
2025-07-29 11:38:39.508,0.00,-16.00,108.60
2025-07-29 11:38:39.541,0.00,-16.00,108.60
2025-07-29 11:38:39.574,1638.00,1622.00,160.00
2025-07-29 11:38:39.575,0.00,-16.00,70.00
2025-07-29 11:38:39.608,1638.00,1622.00,70.00
2025-07-29 11:38:39.641,0.00,-16.00,108.60
2025-07-29 11:38:39.641,0.00,-16.00,108.60
2025-07-29 11:38:39.674,1638.00,1622.00,160.00
2025-07-29 11:38:39.707,0.00,-16.00,70.00
2025-07-29 11:38:39.708,1638.00,1622.00,160.00
2025-07-29 11:38:39.741,0.00,-16.00,70.00
2025-07-29 11:38:39.774,1638.00,1622.00,160.00
2025-07-29 11:38:39.807,1638.00,1622.00,160.00
2025-07-29 11:38:39.808,1638.00,1622.00,160.00
2025-07-29 11:38:39.841,1638.00,1622.00,160.00
2025-07-29 11:38:39.874,0.00,-16.00,70.00
2025-07-29 11:38:39.874,1638.00,1622.00,160.00
2025-07-29 11:38:39.907,0.00,-16.00,70.00
2025-07-29 11:38:39.940,1638.00,1622.00,160.00
2025-07-29 11:38:39.941,0.00,-16.00,70.00
2025-07-29 11:38:39.974,1638.00,1622.00,160.00
2025-07-29 11:38:40.007,0.00,-16.00,70.00
2025-07-29 11:38:40.007,1638.00,1622.00,160.00
2025-07-29 11:38:40.040,0.00,-16.00,70.00
2025-07-29 11:38:40.073,1638.00,1622.00,160.00
2025-07-29 11:38:40.074,230.00,214.00,70.00
2025-07-29 11:38:40.107,1638.00,1622.00,160.00
2025-07-29 11:38:40.140,1638.00,1622.00,160.00
2025-07-29 11:38:40.173,0.00,-16.00,70.00
2025-07-29 11:38:40.174,1638.00,1622.00,160.00
2025-07-29 11:38:40.207,1638.00,1622.00,160.00
2025-07-29 11:38:40.240,0.00,-16.00,70.00
2025-07-29 11:38:40.240,512.00,496.00,70.00
2025-07-29 11:38:40.273,0.00,-16.00,108.60
2025-07-29 11:38:40.306,0.00,-16.00,108.60
2025-07-29 11:38:40.307,1638.00,1622.00,160.00
2025-07-29 11:38:40.340,1638.00,1622.00,160.00
2025-07-29 11:38:40.373,1638.00,1622.00,160.00
2025-07-29 11:38:40.406,1638.00,1622.00,160.00
2025-07-29 11:38:40.407,0.00,-16.00,70.00
2025-07-29 11:38:40.439,0.00,-16.00,108.60
2025-07-29 11:38:40.440,1638.00,1622.00,160.00
2025-07-29 11:38:40.473,1638.00,1622.00,160.00
2025-07-29 11:38:40.506,1638.00,1622.00,160.00
2025-07-29 11:38:40.539,0.00,-16.00,70.00
2025-07-29 11:38:40.540,4.00,-12.00,124.20
2025-07-29 11:38:40.573,0.00,-16.00,94.60
2025-07-29 11:38:40.606,1638.00,1622.00,94.60
2025-07-29 11:38:40.606,0.00,-16.00,108.60
2025-07-29 11:38:40.639,1638.00,1622.00,160.00
2025-07-29 11:38:40.672,1638.00,1622.00,160.00
2025-07-29 11:38:40.673,0.00,-16.00,70.00
2025-07-29 11:38:40.706,1638.00,1622.00,160.00
2025-07-29 11:38:40.739,0.00,-16.00,70.00
2025-07-29 11:38:40.740,4.00,-12.00,124.20
2025-07-29 11:38:40.772,6.00,-10.00,118.00
2025-07-29 11:38:40.806,1638.00,1622.00,160.00
2025-07-29 11:38:40.806,4561.00,4545.00,160.00
2025-07-29 11:38:40.839,0.00,-16.00,70.00
2025-07-29 11:38:40.872,0.00,-16.00,108.60
2025-07-29 11:38:40.873,1638.00,1622.00,160.00
2025-07-29 11:38:40.906,1638.00,1622.00,160.00
2025-07-29 11:38:40.939,0.00,-16.00,70.00
2025-07-29 11:38:40.939,0.00,-16.00,108.60
2025-07-29 11:38:40.972,4561.00,4545.00,160.00
2025-07-29 11:38:41.005,0.00,-16.00,70.00
2025-07-29 11:38:41.006,4.00,-12.00,124.20
2025-07-29 11:38:41.039,0.00,-16.00,94.60
2025-07-29 11:38:41.072,1638.00,1622.00,94.60
2025-07-29 11:38:41.072,1638.00,1622.00,160.00
2025-07-29 11:38:41.105,0.00,-16.00,70.00
2025-07-29 11:38:41.138,1638.00,1622.00,160.00
2025-07-29 11:38:41.139,0.00,-16.00,70.00
2025-07-29 11:38:41.172,0.00,-16.00,108.60
2025-07-29 11:38:41.205,1638.00,1622.00,160.00
2025-07-29 11:38:41.206,4561.00,4545.00,160.00
2025-07-29 11:38:41.238,1638.00,1622.00,70.00
2025-07-29 11:38:41.272,0.00,-16.00,70.00
2025-07-29 11:38:41.272,0.00,-16.00,108.60
2025-07-29 11:38:41.305,0.00,-16.00,108.60
2025-07-29 11:38:41.338,1638.00,1622.00,160.00
2025-07-29 11:38:41.339,1638.00,1622.00,160.00
2025-07-29 11:38:41.372,1638.00,1622.00,160.00
2025-07-29 11:38:41.405,0.00,-16.00,70.00
2025-07-29 11:38:41.438,1638.00,1622.00,160.00
2025-07-29 11:38:41.438,1638.00,1622.00,160.00
2025-07-29 11:38:41.471,0.00,-16.00,70.00
2025-07-29 11:38:41.472,0.00,-16.00,108.60
2025-07-29 11:38:41.505,0.00,-16.00,108.60
2025-07-29 11:38:41.538,0.00,-16.00,108.60
2025-07-29 11:38:41.538,0.00,-16.00,108.60
2025-07-29 11:38:41.571,0.00,-16.00,108.60
2025-07-29 11:38:41.604,4.00,-12.00,124.20
2025-07-29 11:38:41.605,0.00,-16.00,94.60
2025-07-29 11:38:41.638,4561.00,4545.00,160.00
2025-07-29 11:38:41.671,4.00,-12.00,70.00
2025-07-29 11:38:41.671,0.00,-16.00,94.60
2025-07-29 11:38:41.704,1638.00,1622.00,94.60
2025-07-29 11:38:41.737,1638.00,1622.00,160.00
2025-07-29 11:38:41.738,4562.00,4546.00,160.00
2025-07-29 11:38:41.771,1638.00,1622.00,70.00
2025-07-29 11:38:41.804,1638.00,1622.00,160.00
2025-07-29 11:38:41.837,1638.00,1622.00,160.00
2025-07-29 11:38:41.838,1638.00,1622.00,160.00
2025-07-29 11:38:41.871,1638.00,1622.00,160.00
2025-07-29 11:38:41.904,0.00,-16.00,70.00
2025-07-29 11:38:41.904,1638.00,1622.00,70.00
2025-07-29 11:38:41.937,0.00,-16.00,108.60
2025-07-29 11:38:41.970,0.00,-16.00,108.60
2025-07-29 11:38:41.971,0.00,-16.00,108.60
2025-07-29 11:38:42.004,1638.00,1622.00,160.00
2025-07-29 11:38:42.037,0.00,-16.00,70.00
2025-07-29 11:38:42.037,0.00,-16.00,70.00
2025-07-29 11:38:42.070,0.00,-16.00,108.60
2025-07-29 11:38:42.103,1638.00,1622.00,160.00
2025-07-29 11:38:42.104,0.00,-16.00,70.00
2025-07-29 11:38:42.137,4561.00,4545.00,70.00
2025-07-29 11:38:42.170,1638.00,1622.00,160.00
2025-07-29 11:38:42.171,1638.00,1622.00,160.00
2025-07-29 11:38:42.204,1638.00,1622.00,160.00
2025-07-29 11:38:42.237,1638.00,1622.00,160.00
2025-07-29 11:38:42.270,1638.00,1622.00,160.00
2025-07-29 11:38:42.270,1638.00,1622.00,160.00
2025-07-29 11:38:42.303,1638.00,1622.00,160.00
2025-07-29 11:38:42.336,0.00,-16.00,70.00
2025-07-29 11:38:42.337,1638.00,1622.00,160.00
2025-07-29 11:38:42.370,1638.00,1622.00,160.00
2025-07-29 11:38:42.403,0.00,-16.00,70.00
2025-07-29 11:38:42.436,1638.00,1622.00,160.00
2025-07-29 11:38:42.437,1638.00,1622.00,160.00
2025-07-29 11:38:42.470,1638.00,1622.00,160.00
2025-07-29 11:38:42.503,0.00,-16.00,70.00
2025-07-29 11:38:42.503,0.00,-16.00,70.00
2025-07-29 11:38:42.536,1638.00,1622.00,160.00
2025-07-29 11:38:42.569,1638.00,1622.00,160.00
2025-07-29 11:38:42.603,1638.00,1622.00,160.00
2025-07-29 11:38:42.603,0.00,-16.00,70.00
2025-07-29 11:38:42.636,1638.00,1622.00,70.00
2025-07-29 11:38:42.637,0.00,-16.00,108.60
2025-07-29 11:38:42.669,1638.00,1622.00,160.00
2025-07-29 11:38:42.703,0.00,-16.00,70.00
2025-07-29 11:38:42.703,0.00,-16.00,70.00
2025-07-29 11:38:42.736,0.00,-16.00,108.60
2025-07-29 11:38:42.769,0.00,-16.00,108.60
2025-07-29 11:38:42.770,0.00,-16.00,108.60
2025-07-29 11:38:42.803,1638.00,1622.00,160.00
2025-07-29 11:38:42.836,1638.00,1622.00,160.00
